year,site,lat,lon,strength_gtex
1980,"Altus, OK",34.6378,-99.334,25.32304737365894
1982,"Altus, OK",34.6378,-99.334,26.911631858841236
1983,"Altus, OK",34.6378,-99.334,28.632311983168407
1984,"Altus, OK",34.6378,-99.334,28.188070297811855
1985,"Altus, OK",34.6378,-99.334,29.824433934175495
1986,"Altus, OK",34.6378,-99.334,28.960797570539135
1987,"Altus, OK",34.6378,-99.334,27.411772030461034
1988,"Altus, OK",34.6378,-99.334,25.41934778803681
1990,"Altus, OK",34.6378,-99.334,29.61232326134772
1993,"Altus, OK",34.6378,-99.334,28.12622235387988
1994,"Altus, OK",34.6378,-99.334,31.560121569251187
1996,"Altus, OK",34.6378,-99.334,26.523886592025303
1999,"Altus, OK",34.6378,-99.334,34.339569233386605
2000,"Altus, OK",34.6378,-99.334,33.762646156463504
2001,"Altus, OK",34.6378,-99.334,30.49341538723275
2002,"Altus, OK",34.6378,-99.334,35.327720430358845
2007,"Altus, OK",34.6378,-99.334,31.402752586089832
2009,"Altus, OK",34.6378,-99.334,33.39057637840507
2016,"Altus, OK",34.6378,-99.334,32.75057574999592
2017,"Altus, OK",34.6378,-99.334,35.64121587374276
2018,"Altus, OK",34.6378,-99.334,33.90562669698461
1980,"Ames Plantation, TN",35.1151,-89.2157,27.165754098710792
1984,"Anthony, NM",32.004,-106.6058,23.839356679075973
1980,"Artesia, NM",32.8423,-104.4033,26.042849445509543
1981,"Artesia, NM",32.8423,-104.4033,27.87116934166326
1983,"Artesia, NM",32.8423,-104.4033,27.12273597904633
1986,"Artesia, NM",32.8423,-104.4033,31.60776336948721
1987,"Artesia, NM",32.8423,-104.4033,24.850496528559287
1989,"Artesia, NM",32.8423,-104.4033,27.191750442567436
1990,"Artesia, NM",32.8423,-104.4033,28.75501773364122
1991,"Artesia, NM",32.8423,-104.4033,23.300094366559374
1992,"Artesia, NM",32.8423,-104.4033,28.546504340020658
1993,"Artesia, NM",32.8423,-104.4033,28.400122458176966
1996,"Artesia, NM",32.8423,-104.4033,30.54160562487086
1998,"Artesia, NM",32.8423,-104.4033,28.73415293583018
2001,"Artesia, NM",32.8423,-104.4033,30.46609737434983
1980,"Auburn, AL",32.6099,-85.4808,24.844325527282233
1981,"Auburn, AL",32.6099,-85.4808,28.346677097876977
1983,"Auburn, AL",32.6099,-85.4808,28.672799473019367
1985,"Auburn, AL",32.6099,-85.4808,26.24497237658432
1990,"Auburn, AL",32.6099,-85.4808,28.25625878279216
1991,"Auburn, AL",32.6099,-85.4808,27.685659744440382
1994,"Auburn, AL",32.6099,-85.4808,31.801899305546524
1995,"Auburn, AL",32.6099,-85.4808,31.43292024819615
1998,"Auburn, AL",32.6099,-85.4808,30.445613613613965
2000,"Auburn, AL",32.6099,-85.4808,34.43400589985338
2002,"Auburn, AL",32.6099,-85.4808,33.415719326793145
2004,"Auburn, AL",32.6099,-85.4808,30.12948618190235
2005,"Auburn, AL",32.6099,-85.4808,29.977410715669535
2006,"Auburn, AL",32.6099,-85.4808,32.581632604251304
2007,"Auburn, AL",32.6099,-85.4808,28.116168143039474
2008,"Auburn, AL",32.6099,-85.4808,34.85957084144556
2009,"Auburn, AL",32.6099,-85.4808,29.069470820329094
2010,"Auburn, AL",32.6099,-85.4808,32.13047094663853
2012,"Auburn, AL",32.6099,-85.4808,33.090107549564294
1980,"Beeville, TX",28.4008,-97.7483,24.481075175619317
1982,"Beeville, TX",28.4008,-97.7483,25.891734489894453
1983,"Beeville, TX",28.4008,-97.7483,25.14173448989446
1985,"Beeville, TX",28.4008,-97.7483,25.954398206229556
1986,"Beeville, TX",28.4008,-97.7483,26.439821942662565
1988,"Beeville, TX",28.4008,-97.7483,22.57029313537033
1989,"Beeville, TX",28.4008,-97.7483,28.697565862643053
1990,"Beeville, TX",28.4008,-97.7483,32.46353577562333
1991,"Beeville, TX",28.4008,-97.7483,29.720678632766173
1993,"Beeville, TX",28.4008,-97.7483,27.530725956149645
1995,"Beeville, TX",28.4008,-97.7483,28.99739262281633
1996,"Beeville, TX",28.4008,-97.7483,31.31289852169529
1999,"Beeville, TX",28.4008,-97.7483,29.841138034971657
2001,"Beeville, TX",28.4008,-97.7483,33.39669359052721
2006,"Beeville, TX",28.4008,-97.7483,32.702385449527426
2007,"Beeville, TX",28.4008,-97.7483,31.313496560638544
2009,"Beeville, TX",28.4008,-97.7483,29.439914454022883
2010,"Beeville, TX",28.4008,-97.7483,32.523783990883956
2011,"Beeville, TX",28.4008,-97.7483,32.368299221653224
2012,"Beeville, TX",28.4008,-97.7483,29.059845191547435
2013,"Beeville, TX",28.4008,-97.7483,29.134845559004084
2014,"Beeville, TX",28.4008,-97.7483,32.188067596340126
1980,"Belle Mina, AL",34.6568,-86.8792,28.09459218286253
1981,"Belle Mina, AL",34.6568,-86.8792,27.00574117483393
1982,"Belle Mina, AL",34.6568,-86.8792,29.03390254146204
1986,"Belle Mina, AL",34.6568,-86.8792,29.282207373733087
1988,"Belle Mina, AL",34.6568,-86.8792,22.817024191838005
1989,"Belle Mina, AL",34.6568,-86.8792,30.425956050525365
1992,"Belle Mina, AL",34.6568,-86.8792,29.24349556921228
1993,"Belle Mina, AL",34.6568,-86.8792,28.625696196921098
1995,"Belle Mina, AL",34.6568,-86.8792,31.66391559094522
1996,"Belle Mina, AL",34.6568,-86.8792,28.492204239438625
1997,"Belle Mina, AL",34.6568,-86.8792,32.92568019444216
1998,"Belle Mina, AL",34.6568,-86.8792,31.767754759847083
2000,"Belle Mina, AL",34.6568,-86.8792,32.39789607472052
2002,"Belle Mina, AL",34.6568,-86.8792,34.52024112573647
2003,"Belle Mina, AL",34.6568,-86.8792,31.418697079965867
2004,"Belle Mina, AL",34.6568,-86.8792,28.5739219513284
2005,"Belle Mina, AL",34.6568,-86.8792,29.704214834604254
2007,"Belle Mina, AL",34.6568,-86.8792,24.568885919116113
2010,"Belle Mina, AL",34.6568,-86.8792,33.526587402010506
2011,"Belle Mina, AL",34.6568,-86.8792,35.11075904761118
2018,"Belle Mina, AL",34.6568,-86.8792,32.662438414433495
1980,"Bossier City, LA",32.516,-93.7321,25.881075175619333
1981,"Bossier City, LA",32.516,-93.7321,27.579234489894446
1982,"Bossier City, LA",32.516,-93.7321,27.329234489894453
1983,"Bossier City, LA",32.516,-93.7321,28.95423448989445
1985,"Bossier City, LA",32.516,-93.7321,29.17662042845178
1986,"Bossier City, LA",32.516,-93.7321,30.252321942662572
1987,"Bossier City, LA",32.516,-93.7321,28.699081014158203
1988,"Bossier City, LA",32.516,-93.7321,22.86120222627943
1989,"Bossier City, LA",32.516,-93.7321,27.86120222627944
1990,"Bossier City, LA",32.516,-93.7321,29.960991365130447
1991,"Bossier City, LA",32.516,-93.7321,27.35639291848047
1993,"Bossier City, LA",32.516,-93.7321,32.13905928948298
1994,"Bossier City, LA",32.516,-93.7321,28.573692816163895
1995,"Bossier City, LA",32.516,-93.7321,32.18573467690301
1996,"Bossier City, LA",32.516,-93.7321,31.111595699976377
1999,"Bossier City, LA",32.516,-93.7321,32.29519004472185
2000,"Bossier City, LA",32.516,-93.7321,29.93970415828791
2001,"Bossier City, LA",32.516,-93.7321,31.130873203979192
2003,"Bossier City, LA",32.516,-93.7321,33.65731641016219
2004,"Bossier City, LA",32.516,-93.7321,30.103242506184547
2005,"Bossier City, LA",32.516,-93.7321,30.159444764274017
2007,"Bossier City, LA",32.516,-93.7321,32.13898104781149
2008,"Bossier City, LA",32.516,-93.7321,36.03255787322287
1980,"Chickasha, OK",35.0526,-97.9364,25.85082514818272
1982,"Chickasha, OK",35.0526,-97.9364,25.60607630328569
1983,"Chickasha, OK",35.0526,-97.9364,27.7885619831684
1984,"Chickasha, OK",35.0526,-97.9364,26.55170666144824
1985,"Chickasha, OK",35.0526,-97.9364,31.46079757053915
1986,"Chickasha, OK",35.0526,-97.9364,29.27897938872094
1987,"Chickasha, OK",35.0526,-97.9364,29.50419627288527
1988,"Chickasha, OK",35.0526,-97.9364,25.260256878945903
1989,"Chickasha, OK",35.0526,-97.9364,30.973893242582264
1994,"Chickasha, OK",35.0526,-97.9364,32.23928823591786
1995,"Chickasha, OK",35.0526,-97.9364,34.197055687213236
2002,"Chickasha, OK",35.0526,-97.9364,31.888828068063596
1981,"Chillicothe, TX",34.2565,-99.5168,26.12306570117374
2015,"Chillicothe, TX",34.2565,-99.5168,34.76724241666262
2017,"Chillicothe, TX",34.2565,-99.5168,33.5134727041892
2018,"Chillicothe, TX",34.2565,-99.5168,32.688472704189195
2019,"Chillicothe, TX",34.2565,-99.5168,37.37061556133204
1980,"Clarkdale, LA",35.3092,-112.0579,26.10440017377798
1983,"Clarkdale, LA",35.3092,-112.0579,28.471484142482325
1984,"Clarkdale, LA",35.3092,-112.0579,28.694982992888164
1986,"Clarkdale, LA",35.3092,-112.0579,29.77565500117415
1987,"Clarkdale, LA",35.3092,-112.0579,25.133318379263976
1989,"Clarkdale, LA",35.3092,-112.0579,27.911948674300973
1990,"Clarkdale, LA",35.3092,-112.0579,30.271307499082702
1991,"Clarkdale, LA",35.3092,-112.0579,27.427846405383576
1993,"Clarkdale, LA",35.3092,-112.0579,30.492862602870577
1994,"Clarkdale, LA",35.3092,-112.0579,29.414899702482252
1996,"Clarkdale, LA",35.3092,-112.0579,31.228690534382835
1997,"Clarkdale, LA",35.3092,-112.0579,31.708655344028124
1999,"Clarkdale, LA",35.3092,-112.0579,30.999252174281807
2000,"Clarkdale, LA",35.3092,-112.0579,29.99490383381744
2001,"Clarkdale, LA",35.3092,-112.0579,31.202327157038376
2004,"Clarkdale, LA",35.3092,-112.0579,32.65109675233355
1980,"College Station, TX",30.628,-96.3344,27.08234599863066
1981,"College Station, TX",30.628,-96.3344,27.20186716471249
1982,"College Station, TX",30.628,-96.3344,29.135921471364885
1983,"College Station, TX",30.628,-96.3344,25.566611303057716
1984,"College Station, TX",30.628,-96.3344,29.0668368891085
1985,"College Station, TX",30.628,-96.3344,27.950180856928895
1986,"College Station, TX",30.628,-96.3344,28.950968834898863
1988,"College Station, TX",30.628,-96.3344,23.188658098026785
1989,"College Station, TX",30.628,-96.3344,29.511626670641657
1992,"College Station, TX",30.628,-96.3344,31.337817744089055
1995,"College Station, TX",30.628,-96.3344,29.736064607302605
1996,"College Station, TX",30.628,-96.3344,29.771858384942753
1997,"College Station, TX",30.628,-96.3344,31.37718604550404
1998,"College Station, TX",30.628,-96.3344,29.490506213965332
1999,"College Station, TX",30.628,-96.3344,29.06551493226407
2000,"College Station, TX",30.628,-96.3344,33.69497171465419
2002,"College Station, TX",30.628,-96.3344,31.36985369888395
2003,"College Station, TX",30.628,-96.3344,29.634836584996297
2004,"College Station, TX",30.628,-96.3344,30.31319681390235
2005,"College Station, TX",30.628,-96.3344,27.80465492286729
2007,"College Station, TX",30.628,-96.3344,32.28419638129553
2008,"College Station, TX",30.628,-96.3344,33.30457419286216
2009,"College Station, TX",30.628,-96.3344,33.45474973803641
2010,"College Station, TX",30.628,-96.3344,32.82829475976936
2012,"College Station, TX",30.628,-96.3344,33.163075607948755
2013,"College Station, TX",30.628,-96.3344,33.79318158745452
2016,"College Station, TX",30.628,-96.3344,33.37191217791392
2017,"College Station, TX",30.628,-96.3344,34.163860789020006
2018,"College Station, TX",30.628,-96.3344,31.61170194307241
2019,"College Station, TX",30.628,-96.3344,34.421611434183156
2012,"Commerce, TX",33.2471,-95.9,26.562623336781876
2013,"Commerce, TX",33.2471,-95.9,28.95151222567076
2017,"Commerce, TX",33.2471,-95.9,34.765041292146115
2018,"Commerce, TX",33.2471,-95.9,30.05393018103502
2019,"Commerce, TX",33.2471,-95.9,34.451152403257254
1980,"Coolidge, AZ",32.9778,-111.5176,32.06565475258697
2015,"Corcoran, CA",36.098,-119.5604,29.896073697216252
2017,"Corpus Christi, TX",27.8006,-97.3964,31.523374625479473
1981,"Dallas, TX",32.7767,-96.797,27.01067353616657
1983,"Dallas, TX",32.7767,-96.797,24.945789866091314
1985,"Dallas, TX",32.7767,-96.797,26.356135193444366
1986,"Dallas, TX",32.7767,-96.797,28.606135193444363
1987,"Dallas, TX",32.7767,-96.797,23.17117158524269
1988,"Dallas, TX",32.7767,-96.797,23.2322826963538
1989,"Dallas, TX",32.7767,-96.797,30.196969669520612
1990,"Dallas, TX",32.7767,-96.797,30.758006785321303
1991,"Dallas, TX",32.7767,-96.797,28.766340118654625
1992,"Dallas, TX",32.7767,-96.797,31.29967345198796
1993,"Dallas, TX",32.7767,-96.797,30.559441455067237
1994,"Dallas, TX",32.7767,-96.797,31.98444145506723
1995,"Dallas, TX",32.7767,-96.797,30.617774788400578
1996,"Dallas, TX",32.7767,-96.797,31.302165880356732
1997,"Dallas, TX",32.7767,-96.797,31.637743039565947
1999,"Dallas, TX",32.7767,-96.797,28.819538242366505
2000,"Dallas, TX",32.7767,-96.797,28.954815888109124
2001,"Dallas, TX",32.7767,-96.797,35.48620490903319
2002,"Dallas, TX",32.7767,-96.797,34.59894708674275
2003,"Dallas, TX",32.7767,-96.797,32.52388166483398
2004,"Dallas, TX",32.7767,-96.797,29.9524530934054
2005,"Dallas, TX",32.7767,-96.797,27.757941005082984
2006,"Dallas, TX",32.7767,-96.797,28.43638898679429
2007,"Dallas, TX",32.7767,-96.797,34.73966734186897
2008,"Dallas, TX",32.7767,-96.797,34.74723988836455
2010,"Dallas, TX",32.7767,-96.797,33.65306423575963
2011,"Dallas, TX",32.7767,-96.797,29.590401114559658
1981,"El Paso, TX",31.7619,-106.485,24.81943433013247
1982,"El Paso, TX",31.7619,-106.485,24.90051375682412
1983,"El Paso, TX",31.7619,-106.485,26.082142078318352
1984,"El Paso, TX",31.7619,-106.485,25.735785754871028
1985,"El Paso, TX",31.7619,-106.485,27.615049952620375
1986,"El Paso, TX",31.7619,-106.485,27.875266060901325
1987,"El Paso, TX",31.7619,-106.485,24.14350878454268
1988,"El Paso, TX",31.7619,-106.485,19.976277742522505
1989,"El Paso, TX",31.7619,-106.485,27.8744587001741
1990,"El Paso, TX",31.7619,-106.485,29.86961292499497
1991,"El Paso, TX",31.7619,-106.485,27.19744502837011
1992,"El Paso, TX",31.7619,-106.485,29.036096253104052
1995,"El Paso, TX",31.7619,-106.485,30.124694216550097
1996,"El Paso, TX",31.7619,-106.485,29.350696533961763
1997,"El Paso, TX",31.7619,-106.485,30.567878157217155
2002,"El Paso, TX",31.7619,-106.485,35.28277434449582
2004,"El Paso, TX",31.7619,-106.485,29.685753402526473
1980,"Fabens, TX",31.5023,-106.1586,29.601369038301268
2016,"Five Points, CA",36.4296,-120.1031,35.57244598695977
2019,"Five Points, CA",36.4296,-120.1031,35.0870334601361
1980,"Florence, SC",34.1954,-79.7626,26.14455923745979
1981,"Florence, SC",34.1954,-79.7626,27.931967121191988
1982,"Florence, SC",34.1954,-79.7626,28.63435767181312
1983,"Florence, SC",34.1954,-79.7626,27.649666628237057
1984,"Florence, SC",34.1954,-79.7626,29.746030116829115
1985,"Florence, SC",34.1954,-79.7626,30.280104746036507
1986,"Florence, SC",34.1954,-79.7626,29.79189467343956
1987,"Florence, SC",34.1954,-79.7626,25.88413440998751
1989,"Florence, SC",34.1954,-79.7626,27.81226150603028
1990,"Florence, SC",34.1954,-79.7626,32.062901645569575
1991,"Florence, SC",34.1954,-79.7626,29.640113251346392
1992,"Florence, SC",34.1954,-79.7626,33.22122851785781
1995,"Florence, SC",34.1954,-79.7626,31.210569911293383
1997,"Florence, SC",34.1954,-79.7626,29.67430946289555
1998,"Florence, SC",34.1954,-79.7626,28.482586936460393
2000,"Florence, SC",34.1954,-79.7626,31.40315565591216
2004,"Florence, SC",34.1954,-79.7626,29.63102028396234
2007,"Florence, SC",34.1954,-79.7626,33.16156692994253
2008,"Florence, SC",34.1954,-79.7626,32.122064724112256
2009,"Florence, SC",34.1954,-79.7626,33.28084835003478
2010,"Florence, SC",34.1954,-79.7626,34.140116403111904
2011,"Florence, SC",34.1954,-79.7626,35.20139861836247
2012,"Florence, SC",34.1954,-79.7626,33.63185745733698
2013,"Florence, SC",34.1954,-79.7626,33.038036146676376
2016,"Florence, SC",34.1954,-79.7626,33.58230008949224
2017,"Florence, SC",34.1954,-79.7626,34.49416056164749
2018,"Florence, SC",34.1954,-79.7626,32.02895802299266
2019,"Florence, SC",34.1954,-79.7626,33.35319218639845
2012,"Fort Cobb, OK",35.0978,-98.4356,37.01163944071477
2014,"Fort Cobb, OK",35.0978,-98.4356,35.639464638884846
2000,"Fresno County, CA",36.9859,-119.2321,36.4647980563115
2008,"Griffin, GA",33.2468,-84.2641,34.409594685940874
2010,"Griffin, GA",33.2468,-84.2641,31.81422438653663
2011,"Griffin, GA",33.2468,-84.2641,33.94627255595071
2012,"Griffin, GA",33.2468,-84.2641,32.895663105119894
2013,"Griffin, GA",33.2468,-84.2641,32.316031788100084
2017,"Griffin, GA",33.2468,-84.2641,33.40666056164748
2018,"Griffin, GA",33.2468,-84.2641,32.039938414433486
1981,"Halfway, TX",34.1881,-101.9524,26.234176812284858
1982,"Halfway, TX",34.1881,-101.9524,28.467187414396797
1983,"Halfway, TX",34.1881,-101.9524,27.351061983168385
1984,"Halfway, TX",34.1881,-101.9524,28.50625211599369
1980,"Jackson, TN",35.6145,-88.8139,28.525227390476363
1981,"Jackson, TN",35.6145,-88.8139,30.417165950125984
1983,"Jackson, TN",35.6145,-88.8139,28.075961363916715
1984,"Jackson, TN",35.6145,-88.8139,31.107243843336978
1985,"Jackson, TN",35.6145,-88.8139,30.049978066245707
1986,"Jackson, TN",35.6145,-88.8139,33.621155796477126
1987,"Jackson, TN",35.6145,-88.8139,28.75287059909559
1988,"Jackson, TN",35.6145,-88.8139,23.53793837386182
1989,"Jackson, TN",35.6145,-88.8139,28.7674405771652
1990,"Jackson, TN",35.6145,-88.8139,30.318750996711135
1991,"Jackson, TN",35.6145,-88.8139,29.45021659908133
1992,"Jackson, TN",35.6145,-88.8139,30.413516369292264
1993,"Jackson, TN",35.6145,-88.8139,31.036670315070545
2005,"Jackson, TN",35.6145,-88.8139,31.942881739351854
2006,"Jackson, TN",35.6145,-88.8139,33.117346889965596
2009,"Jackson, TN",35.6145,-88.8139,29.574895195981284
2015,"Jackson, TN",35.6145,-88.8139,34.773597079091246
2017,"Jackson, TN",35.6145,-88.8139,34.66472312677508
1992,"Keiser, AR",35.6749,-90.0985,31.04547233310133
1994,"Keiser, AR",35.6749,-90.0985,30.935917740299452
1995,"Keiser, AR",35.6749,-90.0985,33.47813971800104
1996,"Keiser, AR",35.6749,-90.0985,30.649749948896332
1997,"Keiser, AR",35.6749,-90.0985,31.04712352399894
1999,"Keiser, AR",35.6749,-90.0985,31.295439633688098
2000,"Keiser, AR",35.6749,-90.0985,30.069822322578805
2002,"Keiser, AR",35.6749,-90.0985,31.60890931828223
2004,"Keiser, AR",35.6749,-90.0985,30.79829495314467
2005,"Keiser, AR",35.6749,-90.0985,33.0172170021619
2007,"Keiser, AR",35.6749,-90.0985,31.756798035732828
2009,"Keiser, AR",35.6749,-90.0985,32.216443286490666
2010,"Keiser, AR",35.6749,-90.0985,35.25303181925722
2012,"Keiser, AR",35.6749,-90.0985,35.22990549651147
2013,"Keiser, AR",35.6749,-90.0985,34.97171348897725
2014,"Keiser, AR",35.6749,-90.0985,34.17927071286243
2015,"Keiser, AR",35.6749,-90.0985,36.28118938698262
2016,"Keiser, AR",35.6749,-90.0985,35.776858190617084
2017,"Keiser, AR",35.6749,-90.0985,33.52595414353925
2018,"Keiser, AR",35.6749,-90.0985,34.04554109397858
2019,"Keiser, AR",35.6749,-90.0985,34.696989020426535
2000,"Kern, CA",35.3935,-119.0437,32.54813138964486
2005,"Knoxville, TN",35.9606,-83.9207,27.55679248414782
1991,"La Mesa, NM",32.7376,-106.7079,31.50837146229331
1980,"Lamesa, TX",32.7376,-101.951,26.90638070373827
1982,"Lamesa, TX",32.7376,-101.951,27.800520747730133
1984,"Lamesa, TX",32.7376,-101.951,29.05170666144823
1987,"Lamesa, TX",32.7376,-101.951,26.279953848642865
1989,"Lamesa, TX",32.7376,-101.951,29.210256878945895
1991,"Lamesa, TX",32.7376,-101.951,28.251424932811876
1994,"Lamesa, TX",32.7376,-101.951,28.114288235917822
1995,"Lamesa, TX",32.7376,-101.951,32.08872235387985
1997,"Lamesa, TX",32.7376,-101.951,31.955704773843493
2001,"Lamesa, TX",32.7376,-101.951,30.570338464155835
2004,"Lamesa, TX",32.7376,-101.951,30.63541273805116
2006,"Lamesa, TX",32.7376,-101.951,29.9741811575184
2007,"Lamesa, TX",32.7376,-101.951,31.045609728946975
2008,"Lamesa, TX",32.7376,-101.951,30.73281852231573
2009,"Lamesa, TX",32.7376,-101.951,30.07897236846957
2012,"Lamesa, TX",32.7376,-101.951,32.344972774048095
2014,"Lamesa, TX",32.7376,-101.951,31.033909083329274
2016,"Lamesa, TX",32.7376,-101.951,33.17279797221817
2017,"Lamesa, TX",32.7376,-101.951,34.445615561332055
2018,"Lamesa, TX",32.7376,-101.951,33.40632984704633
2020,"Lamesa, TX",32.7376,-101.951,32.2495376823505
1996,"Las Cruces, NM",32.3199,-106.7637,29.580662030395736
1997,"Las Cruces, NM",32.3199,-106.7637,29.967878157217157
1999,"Las Cruces, NM",32.3199,-106.7637,30.691253194675415
2001,"Las Cruces, NM",32.3199,-106.7637,34.00736033943106
2006,"Las Cruces, NM",32.3199,-106.7637,31.492882774254163
2008,"Las Cruces, NM",32.3199,-106.7637,34.47978881084095
2011,"Las Cruces, NM",32.3199,-106.7637,37.937464364957506
2012,"Las Cruces, NM",32.3199,-106.7637,35.58032893234017
2013,"Las Cruces, NM",32.3199,-106.7637,32.8001546927916
2015,"Las Cruces, NM",32.3199,-106.7637,33.5830099359554
2018,"Las Cruces, NM",32.3199,-106.7637,31.55531866087219
2008,"Lemoore, CA",36.3008,-119.7829,37.66393449086484
2010,"Lemoore, CA",36.3008,-119.7829,36.280873324811225
2011,"Lemoore, CA",36.3008,-119.7829,35.83498477133648
2014,"Lemoore, CA",33.5846,-101.8456,28.63084758796816
1998,"Logandale, NV",36.5966406,-114.4841487,36.791368107152245
1981,"Lubbock, TX",33.5846,-101.8456,26.178621256729297
1982,"Lubbock, TX",33.5846,-101.8456,27.77274296995235
1983,"Lubbock, TX",33.5846,-101.8456,27.9760619831684
1984,"Lubbock, TX",33.5846,-101.8456,27.051706661448236
1985,"Lubbock, TX",33.5846,-101.8456,26.3244339341755
1988,"Lubbock, TX",33.5846,-101.8456,21.77389324258224
1989,"Lubbock, TX",33.5846,-101.8456,28.9193477880368
1990,"Lubbock, TX",33.5846,-101.8456,27.799823261347743
1991,"Lubbock, TX",33.5846,-101.8456,28.442334023720992
1993,"Lubbock, TX",33.5846,-101.8456,31.063722353879864
1994,"Lubbock, TX",33.5846,-101.8456,29.980954902584543
1997,"Lubbock, TX",33.5846,-101.8456,30.45570477384351
1998,"Lubbock, TX",33.5846,-101.8456,31.17018993538183
1999,"Lubbock, TX",33.5846,-101.8456,31.224184618001992
2000,"Lubbock, TX",33.5846,-101.8456,31.647261541078915
2001,"Lubbock, TX",33.5846,-101.8456,32.33956923338659
2002,"Lubbock, TX",33.5846,-101.8456,30.443105045743465
2007,"Lubbock, TX",33.5846,-101.8456,31.651288808525912
2011,"Lubbock, TX",33.5846,-101.8456,35.99581852457762
2012,"Lubbock, TX",33.5846,-101.8456,32.69036725312964
2013,"Lubbock, TX",33.5846,-101.8456,32.30508194187651
2016,"Lubbock, TX",33.5846,-101.8456,34.56347336623378
2018,"Lubbock, TX",33.5846,-101.8456,34.66532115978993
1980,"Mangum, OK",34.872,-99.5043,26.767491814849397
1981,"Mangum, OK",34.872,-99.5043,27.150843478951515
1980,"Marana, AZ",32.4364,-111.2224,28.31565475258699
1981,"Marana, AZ",32.4364,-111.2224,27.589747537005564
1984,"Marana, AZ",32.4364,-111.2224,25.006023345742634
1991,"Marana, AZ",32.4364,-111.2224,33.50003812895997
1993,"Marana, AZ",32.4364,-111.2224,29.379088455455527
1998,"Marana, AZ",32.4364,-111.2224,29.67264598574694
1980,"Marianna, AR",34.7746,-90.7723,25.69530926468708
1980,"Maricopa, AZ",33.0581,-112.0476,24.827609893033372
1983,"Maricopa, AZ",33.0581,-112.0476,28.68791789389303
1984,"Maricopa, AZ",33.0581,-112.0476,25.922690012409294
1985,"Maricopa, AZ",33.0581,-112.0476,28.909261115633647
1986,"Maricopa, AZ",33.0581,-112.0476,28.49221065989665
1987,"Maricopa, AZ",33.0581,-112.0476,26.48275960405949
1988,"Maricopa, AZ",33.0581,-112.0476,22.033414414496164
1990,"Maricopa, AZ",33.0581,-112.0476,32.45116769403678
1991,"Maricopa, AZ",33.0581,-112.0476,33.93337146229329
1992,"Maricopa, AZ",33.0581,-112.0476,28.652680229242424
1993,"Maricopa, AZ",33.0581,-112.0476,27.695961983457742
1994,"Maricopa, AZ",33.0581,-112.0476,30.80092834671776
1996,"Maricopa, AZ",33.0581,-112.0476,31.79963381125193
1998,"Maricopa, AZ",33.0581,-112.0476,32.09223554806498
2000,"Maricopa, AZ",33.0581,-112.0476,30.59237339035059
2003,"Maricopa, AZ",33.0581,-112.0476,37.650405740342904
2004,"Maricopa, AZ",33.0581,-112.0476,37.254490605441006
2005,"Maricopa, AZ",33.0581,-112.0476,30.89753336075958
2006,"Maricopa, AZ",33.0581,-112.0476,31.213777134438825
2018,"Maricopa, AZ",33.0581,-112.0476,35.82327783144455
1981,"Midville, GA",32.819,-82.2348,28.21334376454364
1985,"Midville, GA",32.819,-82.2348,29.478305709917645
1980,"Milan, TN",35.9198,-88.7589,26.915754098710785
1981,"Milan, TN",35.9198,-88.7589,29.413343764543647
1980,"Pecos, TX",31.4229,-103.4932,24.15396055662065
1981,"Pecos, TX",31.4229,-103.4932,26.093391563885472
1982,"Pecos, TX",31.4229,-103.4932,26.17829153460189
1983,"Pecos, TX",31.4229,-103.4932,25.344958201268557
1984,"Pecos, TX",31.4229,-103.4932,30.132012048299377
1986,"Pecos, TX",31.4229,-103.4932,27.929191940915786
1987,"Pecos, TX",31.4229,-103.4932,23.739782242845
1988,"Pecos, TX",31.4229,-103.4932,21.46368499790772
1989,"Pecos, TX",31.4229,-103.4932,27.710981211798178
1990,"Pecos, TX",31.4229,-103.4932,29.30294625832833
1991,"Pecos, TX",31.4229,-103.4932,25.946248212713204
1992,"Pecos, TX",31.4229,-103.4932,28.76650434002066
1993,"Pecos, TX",31.4229,-103.4932,30.227045535100025
1995,"Pecos, TX",31.4229,-103.4932,30.814819087820347
1997,"Pecos, TX",31.4229,-103.4932,28.198485208208343
1998,"Pecos, TX",31.4229,-103.4932,29.776684690998593
2000,"Pecos, TX",31.4229,-103.4932,29.29167431728461
2001,"Pecos, TX",31.4229,-103.4932,30.46609737434983
2002,"Pecos, TX",31.4229,-103.4932,32.58882806806359
2004,"Pecos, TX",31.4229,-103.4932,29.088828068063595
2006,"Pecos, TX",31.4229,-103.4932,28.02141333579486
2007,"Pecos, TX",31.4229,-103.4932,31.671413335794853
2008,"Pecos, TX",31.4229,-103.4932,29.92935736020727
2009,"Pecos, TX",31.4229,-103.4932,32.14855936576413
2010,"Pecos, TX",31.4229,-103.4932,32.363985334677274
2015,"Pecos, TX",36.4253,-89.6995,34.8424920089978
1980,"Phoenix, AZ",33.4484,-112.074,29.31565475258698
1981,"Portageville, MO",36.4253,-89.6995,28.973618353080823
1983,"Portageville, MO",36.4253,-89.6995,29.955108307543473
1984,"Portageville, MO",36.4253,-89.6995,29.684922388344063
1985,"Portageville, MO",36.4253,-89.6995,28.72351789989707
1989,"Portageville, MO",36.4253,-89.6995,30.39683583179719
1990,"Portageville, MO",36.4253,-89.6995,31.973439744384095
1991,"Portageville, MO",36.4253,-89.6995,30.702437931089698
1992,"Portageville, MO",36.4253,-89.6995,31.513137921706875
1994,"Portageville, MO",36.4253,-89.6995,32.22013207571038
1998,"Portageville, MO",36.4253,-89.6995,29.61898599163409
2001,"Portageville, MO",36.4253,-89.6995,31.881687998050793
2004,"Portageville, MO",36.4253,-89.6995,29.599850859215525
2005,"Portageville, MO",36.4253,-89.6995,29.959768633359957
2006,"Portageville, MO",36.4253,-89.6995,32.56654830484057
2008,"Portageville, MO",36.4253,-89.6995,34.13103046447506
2011,"Portageville, MO",36.4253,-89.6995,35.96167766745097
2014,"Portageville, MO",36.4253,-89.6995,35.34396457559466
2016,"Portageville, MO",36.4253,-89.6995,35.42655245741881
2017,"Portageville, MO",36.4253,-89.6995,36.74005375734055
2018,"Portageville, MO",36.4253,-89.6995,33.75413698327612
2019,"Portageville, MO",36.4253,-89.6995,34.05233883268742
1989,"Poston, AZ",33.9906,-114.3963,34.003659924988476
1991,"Poston, AZ",33.9906,-114.3963,32.15837146229332
1980,"Rocky Mount, NC",35.9382,-77.7905,25.735092273523165
1981,"Rocky Mount, NC",35.9382,-77.7905,27.095901042088425
2006,"Rocky Mount, NC",35.9382,-77.7905,33.031421375596096
2012,"Rocky Mount, NC",35.9382,-77.7905,33.72066310511986
2013,"Rocky Mount, NC",35.9382,-77.7905,33.74687275974413
2015,"Rocky Mount, NC",35.9382,-77.7905,35.48446373326395
2016,"Rocky Mount, NC",35.9382,-77.7905,34.53254023589261
2018,"Rocky Mount, NC",35.9382,-77.7905,33.63243841443348
2019,"Rocky Mount, NC",35.9382,-77.7905,34.53895951493
1990,"Rohwer, AR",33.7609,-91.2757,31.83769929893141
1992,"Rohwer, AR",33.7609,-91.2757,28.75734830823137
1980,"Safford, AZ",32.834,-109.7076,31.137083324015563
1981,"Safford, AZ",32.834,-109.7076,26.196890394148433
1982,"Safford, AZ",32.834,-109.7076,28.34721831680494
1983,"Safford, AZ",32.834,-109.7076,30.271251227226365
1984,"Safford, AZ",32.834,-109.7076,25.381023345742655
1985,"Safford, AZ",32.834,-109.7076,29.589043442661843
1986,"Safford, AZ",32.834,-109.7076,27.499439007534285
1987,"Safford, AZ",32.834,-109.7076,21.80775960405951
1988,"Safford, AZ",32.834,-109.7076,19.666092937392857
1989,"Safford, AZ",32.834,-109.7076,32.295326591655154
1990,"Safford, AZ",32.834,-109.7076,31.876925253688295
1993,"Safford, AZ",32.834,-109.7076,28.747623235251496
1995,"Safford, AZ",32.834,-109.7076,31.489765333271105
1996,"Safford, AZ",32.834,-109.7076,29.433769319349388
1997,"Safford, AZ",32.834,-109.7076,32.54155907915968
1998,"Safford, AZ",32.834,-109.7076,30.586932048024025
2000,"Safford, AZ",32.834,-109.7076,29.222075367497418
1981,"Saint Joseph, LA",31.9184,-91.2335,26.92944812398144
1982,"Saint Joseph, LA",31.9184,-91.2335,26.840742873755907
1984,"Saint Joseph, LA",31.9184,-91.2335,26.518640885128622
1986,"Saint Joseph, LA",31.9184,-91.2335,30.2645886134206
1989,"Saint Joseph, LA",31.9184,-91.2335,27.97019727754669
1991,"Saint Joseph, LA",31.9184,-91.2335,29.300668784469327
1992,"Saint Joseph, LA",31.9184,-91.2335,30.924496560161632
1993,"Saint Joseph, LA",31.9184,-91.2335,31.86264669841548
1994,"Saint Joseph, LA",31.9184,-91.2335,27.90341804967859
1995,"Saint Joseph, LA",31.9184,-91.2335,30.88899396871024
1996,"Saint Joseph, LA",31.9184,-91.2335,30.623690534382835
1997,"Saint Joseph, LA",31.9184,-91.2335,30.583605782032738
1998,"Saint Joseph, LA",31.9184,-91.2335,31.35059437674748
2000,"Saint Joseph, LA",31.9184,-91.2335,30.37563657178538
2002,"Saint Joseph, LA",31.9184,-91.2335,33.25395564709423
2003,"Saint Joseph, LA",31.9184,-91.2335,31.849219882702183
2004,"Saint Joseph, LA",31.9184,-91.2335,31.301096752333542
2005,"Saint Joseph, LA",31.9184,-91.2335,30.901174874315547
2008,"Saint Joseph, LA",31.9184,-91.2335,32.596781996122374
2010,"Saint Joseph, LA",31.9184,-91.2335,36.37093779914974
2011,"Saint Joseph, LA",31.9184,-91.2335,35.32223888242969
2012,"Saint Joseph, LA",31.9184,-91.2335,35.079136555611264
2016,"Saint Joseph, LA",31.9184,-91.2335,35.658352901347286
2018,"Saint Joseph, LA",31.9184,-91.2335,33.460673091183736
2019,"Saint Joseph, LA",31.9184,-91.2335,37.02683716552499
1982,"Salome, AZ",33.7582,-113.6147,25.951384983471655
1983,"Salome, AZ",33.7582,-113.6147,28.187917893893022
1984,"Salome, AZ",33.7582,-113.6147,26.922690012409312
1986,"Salome, AZ",33.7582,-113.6147,28.082772340867617
1981,"Sand Mountain, AL",32.8548,-86.9125,28.146677097876974
1981,"Shafter, CA",35.5005,-119.2718,28.9906288357854
1982,"Shafter, CA",35.5005,-119.2718,28.09062883578539
1983,"Shafter, CA",35.5005,-119.2718,27.490628835785397
1985,"Shafter, CA",35.5005,-119.2718,28.16028560324386
1986,"Shafter, CA",35.5005,-119.2718,27.960285603243857
1987,"Shafter, CA",35.5005,-119.2718,26.98175581977812
1988,"Shafter, CA",35.5005,-119.2718,22.724439284133062
1989,"Shafter, CA",35.5005,-119.2718,27.763157385370185
1990,"Shafter, CA",35.5005,-119.2718,31.62271685395889
1992,"Shafter, CA",35.5005,-119.2718,29.61224256061619
1993,"Shafter, CA",35.5005,-119.2718,28.87579932557627
1994,"Shafter, CA",35.5005,-119.2718,29.1202832251702
1995,"Shafter, CA",35.5005,-119.2718,30.503959353181912
1996,"Shafter, CA",35.5005,-119.2718,33.66751311790644
1998,"Shafter, CA",35.5005,-119.2718,35.29916968012364
1999,"Shafter, CA",35.5005,-119.2718,31.863514325842317
2000,"Shafter, CA",35.5005,-119.2718,33.573566098162644
1999,"Starkville, MS",33.4504,-88.8184,30.84925217428183
2001,"Starkville, MS",33.4504,-88.8184,32.71512105333249
2005,"Starkville, MS",33.4504,-88.8184,30.371453167923296
2006,"Starkville, MS",33.4504,-88.8184,31.081632604251315
2007,"Starkville, MS",33.4504,-88.8184,32.659247443568965
2008,"Starkville, MS",33.4504,-88.8184,33.30074731203379
2009,"Starkville, MS",33.4504,-88.8184,31.1944708203291
2011,"Starkville, MS",33.4504,-88.8184,35.029605889284056
2012,"Starkville, MS",33.4504,-88.8184,33.742885327342094
2013,"Starkville, MS",33.4504,-88.8184,33.5718727597441
2015,"Starkville, MS",33.4504,-88.8184,35.401922283078214
2016,"Starkville, MS",33.4504,-88.8184,33.14254023589264
2017,"Starkville, MS",33.4504,-88.8184,33.28166056164745
2018,"Starkville, MS",33.4504,-88.8184,30.50493841443348
2019,"Starkville, MS",33.4504,-88.8184,34.99145951493
1980,"Stoneville, MS",33.424,-90.9151,25.536359546381917
1981,"Stoneville, MS",33.424,-90.9151,28.38369364179996
1983,"Stoneville, MS",33.424,-90.9151,29.021846271495676
1984,"Stoneville, MS",33.424,-90.9151,29.146529611012497
1985,"Stoneville, MS",33.424,-90.9151,30.362663564420085
1986,"Stoneville, MS",33.424,-90.9151,30.279984876836433
1987,"Stoneville, MS",33.424,-90.9151,27.69731291412332
1988,"Stoneville, MS",33.424,-90.9151,24.171751530672783
1990,"Stoneville, MS",33.424,-90.9151,29.93156328788052
1995,"Stoneville, MS",33.424,-90.9151,33.01316138363481
1996,"Stoneville, MS",33.424,-90.9151,29.975440439239563
1997,"Stoneville, MS",33.424,-90.9151,33.844388713407966
1998,"Stoneville, MS",33.424,-90.9151,32.04204591270144
2000,"Stoneville, MS",33.424,-90.9151,29.125377878134373
2003,"Stoneville, MS",33.424,-90.9151,33.490169183368955
2004,"Stoneville, MS",33.424,-90.9151,32.5782853975801
2009,"Stoneville, MS",33.424,-90.9151,32.42571208257943
2011,"Stoneville, MS",33.424,-90.9151,37.1692056039922
2012,"Stoneville, MS",33.424,-90.9151,37.188852066883435
2013,"Stoneville, MS",33.424,-90.9151,33.86154687881265
2014,"Stoneville, MS",33.424,-90.9151,34.09630057537134
2015,"Stoneville, MS",33.424,-90.9151,37.35095130341968
2016,"Stoneville, MS",33.424,-90.9151,35.442442869610304
2017,"Stoneville, MS",33.424,-90.9151,36.21340123435806
2005,"Suffolk, VA",36.7282,-76.5836,28.550024596494712
2006,"Suffolk, VA",36.7282,-76.5836,31.29483666285924
2008,"Suffolk, VA",36.7282,-76.5836,32.5272417447644
2015,"Suffolk, VA",36.7282,-76.5836,33.86883873326395
2018,"Suffolk, VA",36.7282,-76.5836,33.509938414433485
1982,"Thrall, TX",30.5905,-97.2969,26.79886105932352
1985,"Thrall, TX",30.5905,-97.2969,27.470607032388735
1987,"Thrall, TX",30.5905,-97.2969,23.87117158524267
1990,"Thrall, TX",30.5905,-97.2969,33.86634011865462
1991,"Thrall, TX",30.5905,-97.2969,29.05800678532129
1994,"Thrall, TX",30.5905,-97.2969,31.35944145506724
1995,"Thrall, TX",30.5905,-97.2969,30.684441455067237
1997,"Thrall, TX",30.5905,-97.2969,31.093832547023396
1998,"Thrall, TX",30.5905,-97.2969,31.09383254702341
1999,"Thrall, TX",30.5905,-97.2969,29.65287157569984
2001,"Thrall, TX",30.5905,-97.2969,33.23620490903319
2002,"Thrall, TX",30.5905,-97.2969,33.3045504143968
2003,"Thrall, TX",30.5905,-97.2969,31.09531023626254
2009,"Thrall, TX",30.5905,-97.2969,30.517844574047977
2010,"Thrall, TX",30.5905,-97.2969,32.82371597805617
2011,"Thrall, TX",30.5905,-97.2969,28.53484555900409
2013,"Thrall, TX",30.5905,-97.2969,31.78206470528312
2014,"Thrall, TX",30.5905,-97.2969,33.52140092967347
2015,"Thrall, TX",30.5905,-97.2969,31.026956485228997
2017,"Thrall, TX",30.5905,-97.2969,32.412263514368355
1980,"Tifton, GA",31.4505,-83.5085,26.68620061481071
1981,"Tifton, GA",31.4505,-83.5085,30.007204875459426
1988,"Tifton, GA",31.4505,-83.5085,21.761830661833802
1989,"Tifton, GA",31.4505,-83.5085,25.67018052178755
1991,"Tifton, GA",31.4505,-83.5085,28.82879254295646
2000,"Tifton, GA",31.4505,-83.5085,31.852910577315807
2001,"Tifton, GA",31.4505,-83.5085,31.78814813167814
2002,"Tifton, GA",31.4505,-83.5085,32.9683295327455
1992,"Tipton, OK",31.4505,-83.5085,31.966489928014397
1999,"Tipton, OK",31.4505,-83.5085,29.531876925694288
2000,"Tipton, OK",31.4505,-83.5085,31.26264615646352
2003,"Tipton, OK",31.4505,-83.5085,32.596951199589626
2007,"Tipton, OK",31.4505,-83.5085,31.93846687180412
2008,"Tipton, OK",31.4505,-83.5085,33.771280060777265
2009,"Tipton, OK",31.4505,-83.5085,31.84820313770035
1993,"Tranquility, CA",36.6488,-120.2527,30.229088455455535
1981,"Tunica, MS",34.6845,-90.3829,26.514924765549505
1981,"University Park, NM",32.2834,-106.7533,27.982280452774372
1984,"University Park, NM",32.2834,-106.7533,29.073643200348023
1985,"University Park, NM",32.2834,-106.7533,27.14727474181643
1987,"University Park, NM",32.2834,-106.7533,27.51240129046403
1988,"University Park, NM",32.2834,-106.7533,21.187018331241045
1989,"University Park, NM",32.2834,-106.7533,28.426755077330977
1990,"University Park, NM",32.2834,-106.7533,27.15294625832831
1992,"University Park, NM",32.2834,-106.7533,28.043171006687317
1993,"University Park, NM",32.2834,-106.7533,28.08473784279235
1994,"University Park, NM",32.2834,-106.7533,29.09234564847717
1995,"University Park, NM",32.2834,-106.7533,30.80732314526192
1996,"University Park, NM",32.2834,-106.7533,28.037060170325404
2000,"University Park, NM",32.2834,-106.7533,31.40025098757702
2008,"University Park, NM",32.2834,-106.7533,31.449287825994094
2010,"University Park, NM",32.2834,-106.7533,32.27896068832154
2012,"University Park, NM",32.2834,-106.7533,35.595841574704224
1980,"W Side Field Station, CA",36.3387,-120.1221,24.727609893033375
1981,"W Side Field Station, CA",36.3387,-120.1221,28.090628835785388
1982,"W Side Field Station, CA",36.3387,-120.1221,28.19062883578539
1983,"W Side Field Station, CA",36.3387,-120.1221,29.19062883578539
1984,"W Side Field Station, CA",36.3387,-120.1221,29.260285603243855
1985,"W Side Field Station, CA",36.3387,-120.1221,27.160285603243853
1987,"W Side Field Station, CA",36.3387,-120.1221,26.76620026422255
1989,"W Side Field Station, CA",36.3387,-120.1221,28.413157385370187
1990,"W Side Field Station, CA",36.3387,-120.1221,33.143769485537824
1991,"W Side Field Station, CA",36.3387,-120.1221,29.322536908028987
1992,"W Side Field Station, CA",36.3387,-120.1221,30.33577197238089
1993,"W Side Field Station, CA",36.3387,-120.1221,29.105799325576243
1995,"W Side Field Station, CA",36.3387,-120.1221,32.10795935318191
1996,"W Side Field Station, CA",36.3387,-120.1221,33.82376311790644
1997,"W Side Field Station, CA",36.3387,-120.1221,28.78293186827799
1998,"W Side Field Station, CA",36.3387,-120.1221,33.232503013456956
1999,"W Side Field Station, CA",36.3387,-120.1221,31.25240321473121
2000,"W Side Field Station, CA",36.3387,-120.1221,31.28785181244837
1980,"Wenden, AZ",33.8225,-113.5416,28.85136903830127
1982,"Wenden, AZ",33.8225,-113.5416,27.2430516501383
1990,"Wenden, AZ",33.8225,-113.5416,33.03525858702164
1991,"Wenden, AZ",33.8225,-113.5416,33.333371462293314
1981,"Weslaco, TX",26.1595,-97.9908,25.141734489894453
1982,"Weslaco, TX",26.1595,-97.9908,27.891734489894457
1983,"Weslaco, TX",26.1595,-97.9908,25.64173448989445
1984,"Weslaco, TX",26.1595,-97.9908,27.954398206229563
1985,"Weslaco, TX",26.1595,-97.9908,28.00995376178512
1986,"Weslaco, TX",26.1595,-97.9908,28.62732194266258
1988,"Weslaco, TX",26.1595,-97.9908,22.415747680824893
1990,"Weslaco, TX",26.1595,-97.9908,31.11353577562333
1992,"Weslaco, TX",26.1595,-97.9908,31.90639291848047
1993,"Weslaco, TX",26.1595,-97.9908,27.697392622816317
1994,"Weslaco, TX",26.1595,-97.9908,30.964059289482993
1995,"Weslaco, TX",26.1595,-97.9908,30.855725956149644
1996,"Weslaco, TX",26.1595,-97.9908,31.94414852169528
1997,"Weslaco, TX",26.1595,-97.9908,30.19129758018913
1998,"Weslaco, TX",26.1595,-97.9908,30.875398521695285
1999,"Weslaco, TX",26.1595,-97.9908,31.285582479416085
2001,"Weslaco, TX",26.1595,-97.9908,32.063360257193864
2002,"Weslaco, TX",26.1595,-97.9908,35.20064959237751
2003,"Weslaco, TX",26.1595,-97.9908,31.610004368597384
2004,"Weslaco, TX",26.1595,-97.9908,30.46793737351323
2005,"Weslaco, TX",26.1595,-97.9908,28.53571878286077
2006,"Weslaco, TX",26.1595,-97.9908,31.813496560638548
2008,"Weslaco, TX",26.1595,-97.9908,32.239914454022895
2009,"Weslaco, TX",26.1595,-97.9908,31.569397369234093
2010,"Weslaco, TX",26.1595,-97.9908,32.80525229022133
2011,"Weslaco, TX",26.1595,-97.9908,32.680799221653224
2012,"Weslaco, TX",26.1595,-97.9908,32.61609519154743
2013,"Weslaco, TX",26.1595,-97.9908,32.89595667011521
2014,"Weslaco, TX",26.1595,-97.9908,33.67140092967345
2015,"Weslaco, TX",26.1595,-97.9908,31.626956485229027
2016,"Weslaco, TX",26.1595,-97.9908,32.59362315189567
2018,"Weslaco, TX",26.1595,-97.9908,32.90725137281268
2019,"Weslaco, TX",26.1595,-97.9908,35.745596847701705
1982,"Yuma, AZ",32.6927,-114.6277,25.899621453103503
1987,"Yuma, AZ",32.6927,-114.6277,25.814759102000465
1990,"Yuma, AZ",32.6927,-114.6277,29.835258587021645
1991,"Yuma, AZ",32.6927,-114.6277,34.25837146229332
1993,"Yuma, AZ",32.6927,-114.6277,27.55408845545552
